target_duration,2Y,5Y,10Y,30Y
6.70931078981255,0.30208321975723224,0.29134624844963525,0.25013194773518393,0.15643858405794855
