target_duration,2Y,5Y,10Y,30Y
6.780932658775345,0.37133201655740433,0.3291095211983528,0.24208087682445079,0.05747758541979214
